id,reservation_id,user_id,branch_id,number_of_guests,status_comment,status,reservation_date,reservation_time,created_at,updated_at,updated_by
11,1,14,1,50,test,Cancelled,30/08/2024,19:00:00,25/08/2024 14:00,27/08/2024 12:12,14
12,2,2,2,30,too many guests,Completed,31/01/2024,20:00:00,25/08/2024 15:00,28/08/2024 13:50,5
13,3,3,2,200,ANG DAMI NYO EH,Rejected,29/02/2024,18:00:00,25/08/2024 16:00,28/08/2024 13:50,5
14,4,1,1,40,Queue too long,Pending,25/08/2024,15:24:00,25/08/2024 7:31,27/08/2024 15:44,0
15,5,14,1,40,test reason,Pending,25/08/2024,15:24:00,25/08/2024 7:31,27/08/2024 19:22,14
16,6,14,1,22,,Completed,27/08/2024,15:33:00,25/08/2024 7:32,27/08/2024 7:45,5
17,7,14,1,22,,Pending,27/08/2024,15:33:00,25/08/2024 7:33,27/08/2024 15:44,0
18,8,14,1,11,,Pending,26/08/2024,15:47:00,25/08/2024 7:47,27/08/2024 15:44,5
19,9,14,1,11,,Pending,26/08/2024,15:47:00,25/08/2024 7:47,27/08/2024 15:44,5
20,10,14,1,50,smuggler,Completed,28/04/2024,15:48:00,27/08/2024 7:51,28/08/2024 13:54,5
21,p5aciHpi,14,1,1,NULL,Pending,29/08/2024,0:03:00,27/08/2024 16:01,27/08/2024 16:01,NULL
26,3jnLSTih,14,1,1,NULL,Pending,28/02/2024,0:04:00,27/08/2024 16:04,28/08/2024 13:53,NULL
27,AY1HNKGm,14,1,1,szzz,Cancelled,31/05/2024,0:06:00,27/08/2024 16:04,28/08/2024 13:54,14
28,17,20,1,35,Test data 5,Pending,07/09/2024,18:00:00,02/09/2024 16:00,02/09/2024 16:10,20
29,18,21,2,55,Test data 6,Completed,08/09/2024,19:00:00,03/09/2024 17:00,03/09/2024 17:10,21
30,19,22,1,60,Test data 7,Rejected,09/09/2024,20:00:00,04/09/2024 18:00,04/09/2024 18:10,22
31,20,23,2,70,Test data 8,Pending,10/09/2024,21:00:00,05/09/2024 19:00,05/09/2024 19:10,23
32,21,24,1,65,Test data 9,Completed,11/09/2024,22:00:00,06/09/2024 20:00,06/09/2024 20:10,24
33,22,25,2,80,Test data 10,Cancelled,12/09/2024,23:00:00,07/09/2024 21:00,07/09/2024 21:10,25
34,23,26,1,75,Test data 11,Pending,13/09/2024,18:00:00,08/09/2024 22:00,08/09/2024 22:10,26
35,24,27,2,85,Test data 12,Completed,14/09/2024,19:00:00,09/09/2024 23:00,09/09/2024 23:10,27
36,25,28,1,90,Test data 13,Rejected,15/09/2024,20:00:00,10/09/2024 0:00,10/09/2024 0:10,28
37,26,29,2,95,Test data 14,Pending,16/09/2024,21:00:00,11/09/2024 1:00,11/09/2024 1:10,29
38,27,30,1,100,Test data 15,Completed,17/09/2024,22:00:00,12/09/2024 2:00,12/09/2024 2:10,30
39,28,31,2,105,Test data 16,Cancelled,18/09/2024,23:00:00,13/09/2024 3:00,13/09/2024 3:10,31
40,29,32,1,110,Test data 17,Pending,19/09/2024,18:00:00,14/09/2024 4:00,14/09/2024 4:10,32
41,30,33,2,115,Test data 18,Completed,20/09/2024,19:00:00,15/09/2024 5:00,15/09/2024 5:10,33
42,31,34,1,120,Test data 19,Cancelled,21/09/2024,20:00:00,16/09/2024 6:00,16/09/2024 6:10,34
43,32,35,2,125,Test data 20,Pending,22/09/2024,21:00:00,17/09/2024 7:00,17/09/2024 7:10,35
44,33,36,1,130,Test data 21,Completed,23/09/2024,22:00:00,18/09/2024 8:00,18/09/2024 8:10,36
45,34,37,2,135,Test data 22,Cancelled,24/09/2024,23:00:00,19/09/2024 9:00,19/09/2024 9:10,37
46,35,38,1,140,Test data 23,Pending,25/09/2024,18:00:00,20/09/2024 10:00,20/09/2024 10:10,38
47,36,39,2,145,Test data 24,Completed,26/09/2024,19:00:00,21/09/2024 11:00,21/09/2024 11:10,39
48,37,40,1,150,Test data 25,Cancelled,27/09/2024,20:00:00,22/09/2024 12:00,22/09/2024 12:10,40
49,38,41,2,155,Test data 26,Pending,28/09/2024,21:00:00,23/09/2024 13:00,23/09/2024 13:10,41
50,39,42,1,160,Test data 27,Completed,29/09/2024,22:00:00,24/09/2024 14:00,24/09/2024 14:10,42
51,40,43,2,165,Test data 28,Cancelled,30/09/2024,23:00:00,25/09/2024 15:00,25/09/2024 15:10,43
52,41,44,1,170,Test data 29,Pending,01/10/2024,18:00:00,26/09/2024 16:00,26/09/2024 16:10,44
53,42,45,2,175,Test data 30,Completed,02/10/2024,19:00:00,27/09/2024 17:00,27/09/2024 17:10,45
54,43,46,1,180,Test data 31,Cancelled,03/10/2024,20:00:00,28/09/2024 18:00,28/09/2024 18:10,46
55,44,47,2,185,Test data 32,Pending,04/10/2024,21:00:00,29/09/2024 19:00,29/09/2024 19:10,47
56,45,48,1,190,Test data 33,Completed,05/10/2024,22:00:00,30/09/2024 20:00,30/09/2024 20:10,48
57,46,49,2,195,Test data 34,Cancelled,06/10/2024,23:00:00,01/10/2024 21:00,01/10/2024 21:10,49
58,47,50,1,200,Test data 35,Pending,07/10/2024,18:00:00,02/10/2024 22:00,02/10/2024 22:10,50
59,48,51,2,205,Test data 36,Completed,08/10/2024,19:00:00,03/10/2024 23:00,03/10/2024 23:10,51
60,49,52,1,210,Test data 37,Cancelled,09/10/2024,20:00:00,04/10/2024 0:00,04/10/2024 0:10,52
61,50,53,2,215,Test data 38,Pending,10/10/2024,21:00:00,05/10/2024 1:00,05/10/2024 1:10,53
62,51,54,1,220,Test data 39,Completed,11/10/2024,22:00:00,06/10/2024 2:00,06/10/2024 2:10,54
63,52,55,2,225,Test data 40,Cancelled,12/10/2024,23:00:00,07/10/2024 3:00,07/10/2024 3:10,55
64,53,56,1,230,Test data 41,Pending,13/10/2024,18:00:00,08/10/2024 4:00,08/10/2024 4:10,56
65,54,57,2,235,Test data 42,Completed,14/10/2024,19:00:00,09/10/2024 5:00,09/10/2024 5:10,57
66,55,58,1,240,Test data 43,Cancelled,15/10/2024,20:00:00,10/10/2024 6:00,10/10/2024 6:10,58
67,56,59,2,245,Test data 44,Pending,16/10/2024,21:00:00,11/10/2024 7:00,11/10/2024 7:10,59
68,57,60,1,250,Test data 45,Completed,17/10/2024,22:00:00,12/10/2024 8:00,12/10/2024 8:10,60
69,58,61,2,255,Test data 46,Cancelled,18/10/2024,23:00:00,13/10/2024 9:00,13/10/2024 9:10,61
70,59,62,1,260,Test data 47,Pending,19/10/2024,18:00:00,14/10/2024 10:00,14/10/2024 10:10,62
71,60,63,2,265,Test data 48,Completed,20/10/2024,19:00:00,15/10/2024 11:00,15/10/2024 11:10,63
72,61,64,1,270,Test data 49,Cancelled,21/10/2024,20:00:00,16/10/2024 12:00,16/10/2024 12:10,64
73,62,65,2,275,Test data 50,Pending,22/10/2024,21:00:00,17/10/2024 13:00,17/10/2024 13:10,65
74,63,66,1,280,Test data 51,Completed,23/10/2024,22:00:00,18/10/2024 14:00,18/10/2024 14:10,66
75,64,67,2,285,Test data 52,Cancelled,24/10/2024,23:00:00,19/10/2024 15:00,19/10/2024 15:10,67
76,65,68,1,290,Test data 53,Pending,25/10/2024,18:00:00,20/10/2024 16:00,20/10/2024 16:10,68
77,66,69,2,295,Test data 54,Completed,26/10/2024,19:00:00,21/10/2024 17:00,21/10/2024 17:10,69
78,67,70,1,300,Test data 55,Cancelled,27/10/2024,20:00:00,22/10/2024 18:00,22/10/2024 18:10,70
79,68,71,2,305,Test data 56,Pending,28/10/2024,21:00:00,23/10/2024 19:00,23/10/2024 19:10,71
80,69,72,1,310,Test data 57,Completed,29/10/2024,22:00:00,24/10/2024 20:00,24/10/2024 20:10,72
81,70,73,2,315,Test data 58,Cancelled,30/10/2024,23:00:00,25/10/2024 21:00,25/10/2024 21:10,73
82,71,74,1,320,Test data 59,Pending,31/10/2024,18:00:00,26/10/2024 22:00,26/10/2024 22:10,74
83,72,75,2,325,Test data 60,Completed,01/11/2024,19:00:00,27/10/2024 23:00,27/10/2024 23:10,75
84,73,76,1,330,Test data 61,Cancelled,02/11/2024,20:00:00,28/10/2024 0:00,28/10/2024 0:10,76
85,74,77,2,335,Test data 62,Pending,03/11/2024,21:00:00,29/10/2024 1:00,29/10/2024 1:10,77
86,75,78,1,340,Test data 63,Completed,04/11/2024,22:00:00,30/10/2024 2:00,30/10/2024 2:10,78
87,76,79,2,345,Test data 64,Cancelled,05/11/2024,23:00:00,31/10/2024 3:00,31/10/2024 3:10,79
88,77,80,1,350,Test data 65,Pending,06/11/2024,18:00:00,01/11/2024 4:00,01/11/2024 4:10,80
89,78,81,2,355,Test data 66,Completed,07/11/2024,19:00:00,02/11/2024 5:00,02/11/2024 5:10,81
90,79,82,1,360,Test data 67,Cancelled,08/11/2024,20:00:00,03/11/2024 6:00,03/11/2024 6:10,82
91,80,83,2,365,Test data 68,Pending,09/11/2024,21:00:00,04/11/2024 7:00,04/11/2024 7:10,83
92,81,84,1,370,Test data 69,Completed,10/11/2024,22:00:00,05/11/2024 8:00,05/11/2024 8:10,84
93,82,85,2,375,Test data 70,Cancelled,11/11/2024,23:00:00,06/11/2024 9:00,06/11/2024 9:10,85
94,83,86,1,380,Test data 71,Pending,12/11/2024,18:00:00,07/11/2024 10:00,07/11/2024 10:10,86
95,84,87,2,385,Test data 72,Completed,13/11/2024,19:00:00,08/11/2024 11:00,08/11/2024 11:10,87
